iter	RMSE
0	135.6420641
1	101.7260925
2	76.75745092
3	58.0256229
4	44.57342145
5	34.82486111
6	27.72171429
